{
  "jobId": "516f9490-2898-4c91-8bcc-b2949cd9b5f7",
  "originalFileName": "wasteland-woff.epub",
  "remediatedFileName": "wasteland-woff_remediated.epub",
  "summary": {
    "totalFiles": 13,
    "modifiedFiles": 3,
    "addedFiles": 0,
    "removedFiles": 0,
    "unchangedFiles": 10,
    "totalChanges": 5,
    "changesByType": {
      "metadata": 0,
      "content": 0,
      "structure": 2,
      "accessibility": 3
    }
  },
  "files": [
    {
      "filePath": "mimetype",
      "fileType": "other",
      "status": "unchanged",
      "changeCount": 0
    },
    {
      "filePath": "EPUB/fonts.css",
      "fileType": "css",
      "status": "unchanged",
      "changeCount": 0
    },
    {
      "filePath": "EPUB/OldStandard-Bold.woff",
      "fileType": "other",
      "status": "unchanged",
      "changeCount": 0
    },
    {
      "filePath": "EPUB/OldStandard-Italic.woff",
      "fileType": "other",
      "status": "unchanged",
      "changeCount": 0
    },
    {
      "filePath": "EPUB/OldStandard-Regular.woff",
      "fileType": "other",
      "status": "unchanged",
      "changeCount": 0
    },
    {
      "filePath": "EPUB/wasteland-content.xhtml",
      "fileType": "html",
      "status": "modified",
      "changeCount": 209,
      "diff": [
        {
          "type": "unchanged",
          "value": "<?xml version=\"1.0\" encoding=\"UTF-8\"?>\r\n<html xmln\n...[unchanged]...\n\"night\" title=\"night\"/> -->\t\t\r\n\t</head>\r\n\t<body>\r\n"
        },
        {
          "type": "removed",
          "value": "\t\t<section epub:type=\"frontmatter\" id=\"frontmatter\">\r\n\t\t\t<section epub:type=\"titlepage\" id=\"titlepage\">\r\n"
        },
        {
          "type": "added",
          "value": "\t\t<section role=\"main\" epub:type=\"frontmatter\" id=\"frontmatter\">\r\n\t\t\t<section role=\"doc-titlepage\" epub:type=\"titlepage\" id=\"titlepage\">\r\n"
        },
        {
          "type": "unchanged",
          "value": "\t\t\t\t<h1>The Waste Land</h1>\r\n\t\t\t\t<div class=\"aut\">T.S. Eliot</div>\r\n"
        },
        {
          "type": "removed",
          "value": "\t\t\t\t<div epub:type=\"epigraph\">\t\t\t\t\t\r\n"
        },
        {
          "type": "added",
          "value": "\t\t\t\t<div role=\"doc-epigraph\" epub:type=\"epigraph\">\t\t\t\t\t\r\n"
        },
        {
          "type": "unchanged",
          "value": "\t\t\t\t\t<p>\r\n\t\t\t\t\t\t<span xml:lang=\"la\">\"Nam Sibyllam \n...[unchanged]...\n\n\t\t\t\t\t\t\t>ἀποθανεῖν θέλω</span>.\"</p>\r\n\t\t\t\t</div>\r\n"
        },
        {
          "type": "removed",
          "value": "\t\t\t\t<p epub:type=\"dedication\">For Ezra Pound: <span xml:lang=\"it\">il miglior\r\n"
        },
        {
          "type": "added",
          "value": "\t\t\t\t<p role=\"doc-dedication\" epub:type=\"dedication\">For Ezra Pound: <span xml:lang=\"it\">il miglior\r\n"
        },
        {
          "type": "unchanged",
          "value": "\t\t\t\t\t\tfabbro</span></p>\r\n\t\t\t</section>\r\n\t\t</sectio\n...[unchanged]...\n the roots that clutch, what branches grow</div>\r\n"
        },
        {
          "type": "removed",
          "value": "\t\t\t\t\t<div id=\"ln20\">Out of this stony rubbish? Son of man,<a epub:type=\"noteref\" class=\"noteref\"\r\n"
        },
        {
          "type": "added",
          "value": "\t\t\t\t\t<div id=\"ln20\">Out of this stony rubbish? Son of man,<a role=\"doc-noteref\" epub:type=\"noteref\" class=\"noteref\"\r\n"
        },
        {
          "type": "unchanged",
          "value": "\t\t\t\t\t\thref=\"#note-1\">*</a><span class=\"lnum\">20</s\n...[unchanged]...\neap of broken images, where the sun beats,</div>\r\n"
        },
        {
          "type": "removed",
          "value": "\t\t\t\t\t<div id=\"ln23\">And the dead tree gives no shelter, the cricket no relief,<a\r\n"
        },
        {
          "type": "added",
          "value": "\t\t\t\t\t<div id=\"ln23\">And the dead tree gives no shelter, the cricket no relief,<a role=\"doc-noteref\"\r\n"
        },
        {
          "type": "unchanged",
          "value": "\t\t\t\t\t\tepub:type=\"noteref\" class=\"noteref\" href=\"#n\n...[unchanged]...\nv>\r\n\t\t\t\t\t<blockquote xml:lang=\"de\">\r\n\t\t\t\t\t\t<div>\r\n"
        },
        {
          "type": "removed",
          "value": "\t\t\t\t\t\t\t<div id=\"ln31\">Frisch weht der Wind<a epub:type=\"noteref\" class=\"noteref\"\r\n"
        },
        {
          "type": "added",
          "value": "\t\t\t\t\t\t\t<div id=\"ln31\">Frisch weht der Wind<a role=\"doc-noteref\" epub:type=\"noteref\" class=\"noteref\"\r\n"
        },
        {
          "type": "unchanged",
          "value": "\t\t\t\t\t\t\t\t\thref=\"#note-3\">*</a>\r\n\t\t\t\t\t\t\t</div>\r\n\t\t\t\t\n...[unchanged]...\nlence.</div>\r\n\t\t\t\t\t<div xml:lang=\"de\" id=\"ln42\">\r\n"
        },
        {
          "type": "removed",
          "value": "\t\t\t\t\t\t<em>Od' und leer das Meer</em>.<a epub:type=\"noteref\" class=\"noteref\" href=\"#note-4\">*</a>\r\n"
        },
        {
          "type": "added",
          "value": "\t\t\t\t\t\t<em>Od' und leer das Meer</em>.<a role=\"doc-noteref\" epub:type=\"noteref\" class=\"noteref\" href=\"#note-4\">*</a>\r\n"
        },
        {
          "type": "unchanged",
          "value": "\t\t\t\t\t</div>\r\n\t\t\t\t</div>\r\n\t\t\t\t<div class=\"linegroup\n...[unchanged]...\nIs known to be the wisest woman in Europe,</div>\r\n"
        },
        {
          "type": "removed",
          "value": "\t\t\t\t\t<div id=\"ln46\">With a wicked pack of cards. Here, said she,<a\r\n"
        },
        {
          "type": "added",
          "value": "\t\t\t\t\t<div id=\"ln46\">With a wicked pack of cards. Here, said she,<a role=\"doc-noteref\"\r\n"
        },
        {
          "type": "unchanged",
          "value": "\t\t\t\t\t\tepub:type=\"noteref\" class=\"noteref\" href=\"#n\n...[unchanged]...\n.</div>\r\n\t\t\t\t</div>\r\n\t\t\t\t<div class=\"linegroup\">\r\n"
        },
        {
          "type": "removed",
          "value": "\t\t\t\t\t<div id=\"ln60\">Unreal City,<a epub:type=\"noteref\" class=\"noteref\" href=\"#note-6\">*</a><span\r\n"
        },
        {
          "type": "added",
          "value": "\t\t\t\t\t<div id=\"ln60\">Unreal City,<a role=\"doc-noteref\" epub:type=\"noteref\" class=\"noteref\" href=\"#note-6\">*</a><span\r\n"
        },
        {
          "type": "unchanged",
          "value": "\t\t\t\t\t\t\tclass=\"lnum\">60</span>\r\n\t\t\t\t\t</div>\r\n\t\t\t\t\t<\n...[unchanged]...\n crowd flowed over London Bridge, so many,</div>\r\n"
        },
        {
          "type": "removed",
          "value": "\t\t\t\t\t<div id=\"ln63\">I had not thought death had undone so many.<a\r\n"
        },
        {
          "type": "added",
          "value": "\t\t\t\t\t<div id=\"ln63\">I had not thought death had undone so many.<a role=\"doc-noteref\"\r\n"
        },
        {
          "type": "unchanged",
          "value": "\t\t\t\t\t\t\tepub:type=\"noteref\" class=\"noteref\" href=\"#note-7\">*</a>\r\n\t\t\t\t\t</div>\r\n"
        },
        {
          "type": "removed",
          "value": "\t\t\t\t\t<div id=\"ln64\">Sighs, short and infrequent, were exhaled,<a epub:type=\"noteref\" class=\"noteref\"\r\n"
        },
        {
          "type": "added",
          "value": "\t\t\t\t\t<div id=\"ln64\">Sighs, short and infrequent, were exhaled,<a role=\"doc-noteref\" epub:type=\"noteref\" class=\"noteref\"\r\n"
        },
        {
          "type": "unchanged",
          "value": "\t\t\t\t\t\thref=\"#note-8\">*</a></div>\r\n\t\t\t\t\t<div>And ea\n...[unchanged]...\no where Saint Mary Woolnoth kept the hours</div>\r\n"
        },
        {
          "type": "removed",
          "value": "\t\t\t\t\t<div id=\"ln68\">With a dead sound on the final stroke of nine.<a\r\n"
        },
        {
          "type": "added",
          "value": "\t\t\t\t\t<div id=\"ln68\">With a dead sound on the final stroke of nine.<a role=\"doc-noteref\"\r\n"
        },
        {
          "type": "unchanged",
          "value": "\t\t\t\t\t\t\tepub:type=\"noteref\" class=\"noteref\" href=\"#\n...[unchanged]...\n?</div>\r\n\t\t\t\t</div>\r\n\t\t\t\t<div class=\"linegroup\">\r\n"
        },
        {
          "type": "removed",
          "value": "\t\t\t\t\t<div id=\"ln74\">\"Oh keep the Dog far hence, that's friend to men,<a\r\n"
        },
        {
          "type": "added",
          "value": "\t\t\t\t\t<div id=\"ln74\">\"Oh keep the Dog far hence, that's friend to men,<a role=\"doc-noteref\"\r\n"
        },
        {
          "type": "unchanged",
          "value": "\t\t\t\t\t\t\tepub:type=\"noteref\" class=\"noteref\" href=\"#\n...[unchanged]...\n:lang=\"fr\">hypocrite lecteur! - mon semblable, -\r\n"
        },
        {
          "type": "removed",
          "value": "\t\t\t\t\t\t\tmon frere</span> !\"<a epub:type=\"noteref\" class=\"noteref\" href=\"#note-11\">*</a>\r\n"
        },
        {
          "type": "added",
          "value": "\t\t\t\t\t\t\tmon frere</span> !\"<a role=\"doc-noteref\" epub:type=\"noteref\" class=\"noteref\" href=\"#note-11\">*</a>\r\n"
        },
        {
          "type": "unchanged",
          "value": "\t\t\t\t\t</div>\r\n\t\t\t\t</div>\r\n\t\t\t</section>\r\n\t\t\t<sectio\n...[unchanged]...\n GAME OF CHESS</h2>\r\n\t\t\t\t<div class=\"linegroup\">\r\n"
        },
        {
          "type": "removed",
          "value": "\t\t\t\t\t<div id=\"ln77\">The Chair she sat in, like a burnished throne,<a\r\n"
        },
        {
          "type": "added",
          "value": "\t\t\t\t\t<div id=\"ln77\">The Chair she sat in, like a burnished throne,<a role=\"doc-noteref\"\r\n"
        },
        {
          "type": "unchanged",
          "value": "\t\t\t\t\t\tepub:type=\"noteref\" class=\"noteref\" href=\"#n\n...[unchanged]...\n>In fattening the prolonged candle-flames,</div>\r\n"
        },
        {
          "type": "removed",
          "value": "\t\t\t\t\t<div id=\"ln92\">Flung their smoke into the laquearia,<a epub:type=\"noteref\" class=\"noteref\"\r\n"
        },
        {
          "type": "added",
          "value": "\t\t\t\t\t<div id=\"ln92\">Flung their smoke into the laquearia,<a role=\"doc-noteref\" epub:type=\"noteref\" class=\"noteref\"\r\n"
        },
        {
          "type": "unchanged",
          "value": "\t\t\t\t\t\thref=\"#note-13\">*</a></div>\r\n\t\t\t\t\t<div>Stirr\n...[unchanged]...\ndiv>Above the antique mantel was displayed</div>\r\n"
        },
        {
          "type": "removed",
          "value": "\t\t\t\t\t<div id=\"ln98\">As though a window gave upon the sylvan scene<a\r\n"
        },
        {
          "type": "added",
          "value": "\t\t\t\t\t<div id=\"ln98\">As though a window gave upon the sylvan scene<a role=\"doc-noteref\"\r\n"
        },
        {
          "type": "unchanged",
          "value": "\t\t\t\t\t\t\tepub:type=\"noteref\" class=\"noteref\" href=\"#note-14\">*</a>\r\n\t\t\t\t\t</div>\r\n"
        },
        {
          "type": "removed",
          "value": "\t\t\t\t\t<div id=\"ln99\">The change of Philomel, by the barbarous king<a\r\n"
        },
        {
          "type": "added",
          "value": "\t\t\t\t\t<div id=\"ln99\">The change of Philomel, by the barbarous king<a role=\"doc-noteref\"\r\n"
        },
        {
          "type": "unchanged",
          "value": "\t\t\t\t\t\t\tepub:type=\"noteref\" class=\"noteref\" href=\"#note-15\">*</a>\r\n\t\t\t\t\t</div>\r\n"
        },
        {
          "type": "removed",
          "value": "\t\t\t\t\t<div id=\"ln100\">So rudely forced; yet there the nightingale<a\r\n"
        },
        {
          "type": "added",
          "value": "\t\t\t\t\t<div id=\"ln100\">So rudely forced; yet there the nightingale<a role=\"doc-noteref\"\r\n"
        },
        {
          "type": "unchanged",
          "value": "\t\t\t\t\t\t\tepub:type=\"noteref\" class=\"noteref\" href=\"#\n...[unchanged]...\n/div>\r\n\t\t\t\t\t</div>\r\n\t\t\t\t\t<div class=\"linegroup\">\r\n"
        },
        {
          "type": "removed",
          "value": "\t\t\t\t\t\t<div id=\"ln115\">I think we are in rats' alley<a epub:type=\"noteref\" class=\"noteref\"\r\n"
        },
        {
          "type": "added",
          "value": "\t\t\t\t\t\t<div id=\"ln115\">I think we are in rats' alley<a role=\"doc-noteref\" epub:type=\"noteref\" class=\"noteref\"\r\n"
        },
        {
          "type": "unchanged",
          "value": "\t\t\t\t\t\t\t\thref=\"#note-17\">*</a>\r\n\t\t\t\t\t\t</div>\r\n\t\t\t\t\t\n...[unchanged]...\nnegroup\">\r\n\t\t\t\t\t<div>\"What is that noise?\"</div>\r\n"
        },
        {
          "type": "removed",
          "value": "\t\t\t\t\t<div class=\"indent\" id=\"ln118\">The wind under the door.<a epub:type=\"noteref\" class=\"noteref\" href=\"#note-18\"\r\n"
        },
        {
          "type": "added",
          "value": "\t\t\t\t\t<div class=\"indent\" id=\"ln118\">The wind under the door.<a role=\"doc-noteref\" epub:type=\"noteref\" class=\"noteref\" href=\"#note-18\"\r\n"
        },
        {
          "type": "unchanged",
          "value": "\t\t\t\t\t\t\t>*</a>\r\n\t\t\t\t\t</div>\r\n\t\t\t\t\t<div>\"What is tha\n...[unchanged]...\n\t<div>Those are pearls that were his eyes.</div>\r\n"
        },
        {
          "type": "removed",
          "value": "\t\t\t\t\t<div id=\"ln126\">\"Are you alive, or not? Is there nothing in your head?\"<a\r\n"
        },
        {
          "type": "added",
          "value": "\t\t\t\t\t<div id=\"ln126\">\"Are you alive, or not? Is there nothing in your head?\"<a role=\"doc-noteref\"\r\n"
        },
        {
          "type": "unchanged",
          "value": "\t\t\t\t\t\t\tepub:type=\"noteref\" class=\"noteref\" href=\"#\n...[unchanged]...\n\t\t\t<div>And we shall play a game of chess,</div>\r\n"
        },
        {
          "type": "removed",
          "value": "\t\t\t\t\t<div id=\"ln138\">Pressing lidless eyes and waiting for a knock upon the door.<a\r\n"
        },
        {
          "type": "added",
          "value": "\t\t\t\t\t<div id=\"ln138\">Pressing lidless eyes and waiting for a knock upon the door.<a role=\"doc-noteref\"\r\n"
        },
        {
          "type": "unchanged",
          "value": "\t\t\t\t\t\t\tepub:type=\"noteref\" class=\"noteref\" href=\"#\n...[unchanged]...\n, unheard. The nymphs are\r\n\t\t\t\t\t\tdeparted.</div>\r\n"
        },
        {
          "type": "removed",
          "value": "\t\t\t\t\t<div id=\"ln176\">Sweet Thames, run softly, till I end my song.<a\r\n"
        },
        {
          "type": "added",
          "value": "\t\t\t\t\t<div id=\"ln176\">Sweet Thames, run softly, till I end my song.<a role=\"doc-noteref\"\r\n"
        },
        {
          "type": "unchanged",
          "value": "\t\t\t\t\t\t\tepub:type=\"noteref\" class=\"noteref\" href=\"#\n...[unchanged]...\niv>Musing upon the king my brother's wreck</div>\r\n"
        },
        {
          "type": "removed",
          "value": "\t\t\t\t\t<div id=\"ln192\">And on the king my father's death before him.<a\r\n"
        },
        {
          "type": "added",
          "value": "\t\t\t\t\t<div id=\"ln192\">And on the king my father's death before him.<a role=\"doc-noteref\"\r\n"
        },
        {
          "type": "unchanged",
          "value": "\t\t\t\t\t\t\tepub:type=\"noteref\" class=\"noteref\" href=\"#\n...[unchanged]...\ntled by the rat's foot only, year to year.</div>\r\n"
        },
        {
          "type": "removed",
          "value": "\t\t\t\t\t<div id=\"ln196\">But at my back from time to time I hear<a epub:type=\"noteref\" class=\"noteref\"\r\n"
        },
        {
          "type": "added",
          "value": "\t\t\t\t\t<div id=\"ln196\">But at my back from time to time I hear<a role=\"doc-noteref\" epub:type=\"noteref\" class=\"noteref\"\r\n"
        },
        {
          "type": "unchanged",
          "value": "\t\t\t\t\t\t\thref=\"#note-23\">*</a>\r\n\t\t\t\t\t</div>\r\n"
        },
        {
          "type": "removed",
          "value": "\t\t\t\t\t<div id=\"ln197\">The sound of horns and motors, which shall bring<a\r\n"
        },
        {
          "type": "added",
          "value": "\t\t\t\t\t<div id=\"ln197\">The sound of horns and motors, which shall bring<a role=\"doc-noteref\"\r\n"
        },
        {
          "type": "unchanged",
          "value": "\t\t\t\t\t\t\tepub:type=\"noteref\" class=\"noteref\" href=\"#\n...[unchanged]...\n<div>Sweeney to Mrs. Porter in the spring.</div>\r\n"
        },
        {
          "type": "removed",
          "value": "\t\t\t\t\t<div id=\"ln199\">O the moon shone bright on Mrs. Porter<a epub:type=\"noteref\" class=\"noteref\"\r\n"
        },
        {
          "type": "added",
          "value": "\t\t\t\t\t<div id=\"ln199\">O the moon shone bright on Mrs. Porter<a role=\"doc-noteref\" epub:type=\"noteref\" class=\"noteref\"\r\n"
        },
        {
          "type": "unchanged",
          "value": "\t\t\t\t\t\t\thref=\"#note-25\">*</a>\r\n\t\t\t\t\t</div>\r\n\t\t\t\t\t<d\n...[unchanged]...\nwater</div>\r\n\t\t\t\t\t<div id=\"ln202\" xml:lang=\"fr\">\r\n"
        },
        {
          "type": "removed",
          "value": "\t\t\t\t\t\t<em>Et O ces voix d'enfants, chantant dans la coupole</em>!<a epub:type=\"noteref\" class=\"noteref\"\r\n"
        },
        {
          "type": "added",
          "value": "\t\t\t\t\t\t<em>Et O ces voix d'enfants, chantant dans la coupole</em>!<a role=\"doc-noteref\" epub:type=\"noteref\" class=\"noteref\"\r\n"
        },
        {
          "type": "unchanged",
          "value": "\t\t\t\t\t\t\thref=\"#note-26\">*</a></div>\r\n\t\t\t\t</div>\r\n\t\t\n...[unchanged]...\n\t\t\t<div>Mr. Eugenides, the Smyrna merchant</div>\r\n"
        },
        {
          "type": "removed",
          "value": "\t\t\t\t\t<div id=\"ln210\">Unshaven, with a pocket full of currants<a epub:type=\"noteref\" class=\"noteref\"\r\n"
        },
        {
          "type": "added",
          "value": "\t\t\t\t\t<div id=\"ln210\">Unshaven, with a pocket full of currants<a role=\"doc-noteref\" epub:type=\"noteref\" class=\"noteref\"\r\n"
        },
        {
          "type": "unchanged",
          "value": "\t\t\t\t\t\t\thref=\"#note-27\">*</a>\r\n\t\t\t\t\t\t<span class=\"l\n...[unchanged]...\n\r\n\t\t\t\t\t<div>Like a taxi throbbing waiting,</div>\r\n"
        },
        {
          "type": "removed",
          "value": "\t\t\t\t\t<div id=\"ln218\">I Tiresias, though blind, throbbing between two lives,<a\r\n"
        },
        {
          "type": "added",
          "value": "\t\t\t\t\t<div id=\"ln218\">I Tiresias, though blind, throbbing between two lives,<a role=\"doc-noteref\"\r\n"
        },
        {
          "type": "unchanged",
          "value": "\t\t\t\t\t\tepub:type=\"noteref\" class=\"noteref\" href=\"#n\n...[unchanged]...\npan\r\n\t\t\t\t\t\t\tclass=\"lnum\">220</span>\r\n\t\t\t\t\t</div>\r\n"
        },
        {
          "type": "removed",
          "value": "\t\t\t\t\t<div id=\"ln221\">Homeward, and brings the sailor home from sea,<a\r\n"
        },
        {
          "type": "added",
          "value": "\t\t\t\t\t<div id=\"ln221\">Homeward, and brings the sailor home from sea,<a role=\"doc-noteref\"\r\n"
        },
        {
          "type": "unchanged",
          "value": "\t\t\t\t\t\tepub:type=\"noteref\" class=\"noteref\" href=\"#n\n...[unchanged]...\n now that's done: and I'm glad it's over.\"</div>\r\n"
        },
        {
          "type": "removed",
          "value": "\t\t\t\t\t<div id=\"ln253\">When lovely woman stoops to folly and<a epub:type=\"noteref\" class=\"noteref\"\r\n"
        },
        {
          "type": "added",
          "value": "\t\t\t\t\t<div id=\"ln253\">When lovely woman stoops to folly and<a role=\"doc-noteref\" epub:type=\"noteref\" class=\"noteref\"\r\n"
        },
        {
          "type": "unchanged",
          "value": "\t\t\t\t\t\t\thref=\"#note-30\">*</a>\r\n\t\t\t\t\t</div>\r\n\t\t\t\t\t<d\n...[unchanged]...\n.</div>\r\n\t\t\t\t</div>\r\n\t\t\t\t<div class=\"linegroup\">\r\n"
        },
        {
          "type": "removed",
          "value": "\t\t\t\t\t<div id=\"ln257\">\"This music crept by me upon the waters\"<a epub:type=\"noteref\" class=\"noteref\"\r\n"
        },
        {
          "type": "added",
          "value": "\t\t\t\t\t<div id=\"ln257\">\"This music crept by me upon the waters\"<a role=\"doc-noteref\" epub:type=\"noteref\" class=\"noteref\"\r\n"
        },
        {
          "type": "unchanged",
          "value": "\t\t\t\t\t\t\thref=\"#note-31\">*</a>\r\n\t\t\t\t\t</div>\r\n\t\t\t\t\t<d\n...[unchanged]...\nre fishmen lounge at noon: where the walls</div>\r\n"
        },
        {
          "type": "removed",
          "value": "\t\t\t\t\t<div id=\"ln264\">Of Magnus Martyr hold<a epub:type=\"noteref\" class=\"noteref\" href=\"#note-32\"\r\n"
        },
        {
          "type": "added",
          "value": "\t\t\t\t\t<div id=\"ln264\">Of Magnus Martyr hold<a role=\"doc-noteref\" epub:type=\"noteref\" class=\"noteref\" href=\"#note-32\"\r\n"
        },
        {
          "type": "unchanged",
          "value": "\t\t\t\t\t\t\t>*</a>\r\n\t\t\t\t\t</div>\r\n\t\t\t\t\t<div>Inexplicable\n...[unchanged]...\n\r\n\t\t\t\t</div>\r\n\t\t\t\t<div class=\"linegroup indent\">\r\n"
        },
        {
          "type": "removed",
          "value": "\t\t\t\t\t<div id=\"ln266\">The river sweats<a epub:type=\"noteref\" class=\"noteref\" href=\"#note-33\">*</a>\r\n"
        },
        {
          "type": "added",
          "value": "\t\t\t\t\t<div id=\"ln266\">The river sweats<a role=\"doc-noteref\" epub:type=\"noteref\" class=\"noteref\" href=\"#note-33\">*</a>\r\n"
        },
        {
          "type": "unchanged",
          "value": "\t\t\t\t\t</div>\r\n\t\t\t\t\t<div>Oil and tar</div>\r\n\t\t\t\t\t<di\n...[unchanged]...\n\r\n\t\t\t\t</div>\r\n\t\t\t\t<div class=\"linegroup indent\">\r\n"
        },
        {
          "type": "removed",
          "value": "\t\t\t\t\t<div id=\"ln279\">Elizabeth and Leicester<a epub:type=\"noteref\" class=\"noteref\" href=\"#note-34\"\r\n"
        },
        {
          "type": "added",
          "value": "\t\t\t\t\t<div id=\"ln279\">Elizabeth and Leicester<a role=\"doc-noteref\" epub:type=\"noteref\" class=\"noteref\" href=\"#note-34\"\r\n"
        },
        {
          "type": "unchanged",
          "value": "\t\t\t\t\t\t\t>*</a>\r\n\t\t\t\t\t</div>\r\n\t\t\t\t\t<div>Beating oars\n...[unchanged]...\ngroup\">\r\n\t\t\t\t\t<div>\"Trams and dusty trees.</div>\r\n"
        },
        {
          "type": "removed",
          "value": "\t\t\t\t\t<div id=\"ln293\">Highbury bore me. Richmond and Kew<a epub:type=\"noteref\" class=\"noteref\"\r\n"
        },
        {
          "type": "added",
          "value": "\t\t\t\t\t<div id=\"ln293\">Highbury bore me. Richmond and Kew<a role=\"doc-noteref\" epub:type=\"noteref\" class=\"noteref\"\r\n"
        },
        {
          "type": "unchanged",
          "value": "\t\t\t\t\t\t\thref=\"#note-35\">*</a>\r\n\t\t\t\t\t</div>\r\n\t\t\t\t\t<d\n...[unchanged]...\na</div>\r\n\t\t\t\t</div>\r\n\t\t\t\t<div class=\"linegroup\">\r\n"
        },
        {
          "type": "removed",
          "value": "\t\t\t\t\t<div id=\"ln307\">To Carthage then I came<a epub:type=\"noteref\" class=\"noteref\" href=\"#note-36\"\r\n"
        },
        {
          "type": "added",
          "value": "\t\t\t\t\t<div id=\"ln307\">To Carthage then I came<a role=\"doc-noteref\" epub:type=\"noteref\" class=\"noteref\" href=\"#note-36\"\r\n"
        },
        {
          "type": "unchanged",
          "value": "\t\t\t\t\t\t\t>*</a>\r\n\t\t\t\t\t</div>\r\n\t\t\t\t</div>\r\n\t\t\t\t<div class=\"linegroup\">\r\n"
        },
        {
          "type": "removed",
          "value": "\t\t\t\t\t<div  id=\"ln308\">Burning burning burning burning<a epub:type=\"noteref\" class=\"noteref\"\r\n"
        },
        {
          "type": "added",
          "value": "\t\t\t\t\t<div  id=\"ln308\">Burning burning burning burning<a role=\"doc-noteref\" epub:type=\"noteref\" class=\"noteref\"\r\n"
        },
        {
          "type": "unchanged",
          "value": "\t\t\t\t\t\t\thref=\"#note-37\">*</a>\r\n\t\t\t\t\t</div>\r\n"
        },
        {
          "type": "removed",
          "value": "\t\t\t\t\t<div  id=\"ln309\">O Lord Thou pluckest me out<a epub:type=\"noteref\" class=\"noteref\"\r\n"
        },
        {
          "type": "added",
          "value": "\t\t\t\t\t<div  id=\"ln309\">O Lord Thou pluckest me out<a role=\"doc-noteref\" epub:type=\"noteref\" class=\"noteref\"\r\n"
        },
        {
          "type": "unchanged",
          "value": "\t\t\t\t\t\t\thref=\"#note-38\">*</a>\r\n\t\t\t\t\t</div>\r\n\t\t\t\t\t<d\n...[unchanged]...\n\n\t\t\t\t\t\t<div>But sound of water over a rock</div>\r\n"
        },
        {
          "type": "removed",
          "value": "\t\t\t\t\t\t<div id=\"ln357\">Where the hermit-thrush sings in the pine trees<a\r\n"
        },
        {
          "type": "added",
          "value": "\t\t\t\t\t\t<div id=\"ln357\">Where the hermit-thrush sings in the pine trees<a role=\"doc-noteref\"\r\n"
        },
        {
          "type": "unchanged",
          "value": "\t\t\t\t\t\t\t\tepub:type=\"noteref\" class=\"noteref\" href=\"\n...[unchanged]...\n\t</div>\r\n\t\t\t\t</div>\r\n\t\t\t\t<div class=\"linegroup\">\r\n"
        },
        {
          "type": "removed",
          "value": "\t\t\t\t\t<div  id=\"ln360\">Who is the third who walks always beside you?<a\r\n"
        },
        {
          "type": "added",
          "value": "\t\t\t\t\t<div  id=\"ln360\">Who is the third who walks always beside you?<a role=\"doc-noteref\"\r\n"
        },
        {
          "type": "unchanged",
          "value": "\t\t\t\t\t\t\tepub:type=\"noteref\" class=\"noteref\" href=\"#\n...[unchanged]...\ndiv>I do not know whether a man or a woman</div>\r\n"
        },
        {
          "type": "removed",
          "value": "\t\t\t\t\t<div id=\"ln367\">&#x2015;But who is that on the other side of you?<a\r\n"
        },
        {
          "type": "added",
          "value": "\t\t\t\t\t<div id=\"ln367\">&#x2015;But who is that on the other side of you?<a role=\"doc-noteref\"\r\n"
        },
        {
          "type": "unchanged",
          "value": "\t\t\t\t\t\t\tepub:type=\"noteref\" class=\"noteref\" href=\"#\n...[unchanged]...\n/div>\r\n\t\t\t\t\t<div>DA</div>\r\n\t\t\t\t\t<div id=\"ln402\">\r\n"
        },
        {
          "type": "removed",
          "value": "\t\t\t\t\t\t<span xml:lang=\"sa\">Datta</span>: what have we given?<a epub:type=\"noteref\" class=\"noteref\"\r\n"
        },
        {
          "type": "added",
          "value": "\t\t\t\t\t\t<span xml:lang=\"sa\">Datta</span>: what have we given?<a role=\"doc-noteref\" epub:type=\"noteref\" class=\"noteref\"\r\n"
        },
        {
          "type": "unchanged",
          "value": "\t\t\t\t\t\t\thref=\"#note-42\">*</a>\r\n\t\t\t\t\t</div>\r\n\t\t\t\t\t<d\n...[unchanged]...\nhich is not to be found in our obituaries </div>\r\n"
        },
        {
          "type": "removed",
          "value": "\t\t\t\t\t<div id=\"ln408\">Or in memories draped by the beneficent spider<a\r\n"
        },
        {
          "type": "added",
          "value": "\t\t\t\t\t<div id=\"ln408\">Or in memories draped by the beneficent spider<a role=\"doc-noteref\"\r\n"
        },
        {
          "type": "unchanged",
          "value": "\t\t\t\t\t\t\tepub:type=\"noteref\" class=\"noteref\" href=\"#\n...[unchanged]...\ndiv>\r\n\t\t\t\t\t<div>DA</div>\r\n\t\t\t\t\t<div  id=\"ln412\">\r\n"
        },
        {
          "type": "removed",
          "value": "\t\t\t\t\t\t<span xml:lang=\"sa\">Dayadhvam</span>: I have heard the key<a\r\n"
        },
        {
          "type": "added",
          "value": "\t\t\t\t\t\t<span xml:lang=\"sa\">Dayadhvam</span>: I have heard the key<a role=\"doc-noteref\"\r\n"
        },
        {
          "type": "unchanged",
          "value": "\t\t\t\t\t\t\tepub:type=\"noteref\" class=\"noteref\" href=\"#\n...[unchanged]...\n\t\t<div class=\"indent\">I sat upon the shore</div>\r\n"
        },
        {
          "type": "removed",
          "value": "\t\t\t\t\t<div id=\"ln425\">Fishing, with the arid plain behind me<a epub:type=\"noteref\" class=\"noteref\"\r\n"
        },
        {
          "type": "added",
          "value": "\t\t\t\t\t<div id=\"ln425\">Fishing, with the arid plain behind me<a role=\"doc-noteref\" epub:type=\"noteref\" class=\"noteref\"\r\n"
        },
        {
          "type": "unchanged",
          "value": "\t\t\t\t\t\t\thref=\"#note-45\">*</a>\r\n\t\t\t\t\t</div>\r\n\t\t\t\t\t<d\n...[unchanged]...\n\t\t\t<em>Poi s'ascose nel foco che gli affina</em>\r\n"
        },
        {
          "type": "removed",
          "value": "\t\t\t\t\t\t<a epub:type=\"noteref\" class=\"noteref\" href=\"#note-46\">*</a>\r\n"
        },
        {
          "type": "added",
          "value": "\t\t\t\t\t\t<a role=\"doc-noteref\" epub:type=\"noteref\" class=\"noteref\" href=\"#note-46\">*</a>\r\n"
        },
        {
          "type": "unchanged",
          "value": "\t\t\t\t\t</div>\r\n\t\t\t\t\t<div id=\"ln429\">\r\n\t\t\t\t\t\t<span xm\n...[unchanged]...\n=\"it\">\r\n\t\t\t\t\t\t\t<em>Quando fiam ceu chelidon</em>\r\n"
        },
        {
          "type": "removed",
          "value": "\t\t\t\t\t\t</span> - O swallow swallow<a epub:type=\"noteref\" class=\"noteref\" href=\"#note-47\">*</a>\r\n"
        },
        {
          "type": "added",
          "value": "\t\t\t\t\t\t</span> - O swallow swallow<a role=\"doc-noteref\" epub:type=\"noteref\" class=\"noteref\" href=\"#note-47\">*</a>\r\n"
        },
        {
          "type": "unchanged",
          "value": "\t\t\t\t\t</div>\r\n\t\t\t\t\t<div  id=\"ln430\" xml:lang=\"fr\">\r\n...[unchanged]...\n\t<em>Le Prince d'Aquitaine a la tour abolie</em>\r\n"
        },
        {
          "type": "removed",
          "value": "\t\t\t\t\t\t<a epub:type=\"noteref\" class=\"noteref\" href=\"#note-48\">*</a>\r\n"
        },
        {
          "type": "added",
          "value": "\t\t\t\t\t\t<a role=\"doc-noteref\" epub:type=\"noteref\" class=\"noteref\" href=\"#note-48\">*</a>\r\n"
        },
        {
          "type": "unchanged",
          "value": "\t\t\t\t\t\t<span class=\"lnum\">430</span>\r\n\t\t\t\t\t</div>\r\n\n...[unchanged]...\ne fragments I have shored against my ruins</div>\r\n"
        },
        {
          "type": "removed",
          "value": "\t\t\t\t\t<div id=\"ln432\">Why then Ile fit you. Hieronymo's mad againe.<a\r\n"
        },
        {
          "type": "added",
          "value": "\t\t\t\t\t<div id=\"ln432\">Why then Ile fit you. Hieronymo's mad againe.<a role=\"doc-noteref\"\r\n"
        },
        {
          "type": "unchanged",
          "value": "\t\t\t\t\t\t\tepub:type=\"noteref\" class=\"noteref\" href=\"#\n...[unchanged]...\n\r\n\t\t\t\t\t<div id=\"ln434\" class=\"linegroup indent\">\r\n"
        },
        {
          "type": "removed",
          "value": "\t\t\t\t\t\t<span  xml:lang=\"sa\">Shantih shantih shantih<a epub:type=\"noteref\" class=\"noteref\"\r\n"
        },
        {
          "type": "added",
          "value": "\t\t\t\t\t\t<span  xml:lang=\"sa\">Shantih shantih shantih<a role=\"doc-noteref\" epub:type=\"noteref\" class=\"noteref\"\r\n"
        },
        {
          "type": "unchanged",
          "value": "\t\t\t\t\t\t\t\thref=\"#note-50\">*</a>\r\n\t\t\t\t\t\t</span>\r\n\t\t\t\t\n...[unchanged]...\n<section epub:type=\"backmatter\" id=\"backmatter\">\r\n"
        },
        {
          "type": "removed",
          "value": "\t\t\t<section epub:type=\"rearnotes\" id=\"rearnotes\">\r\n"
        },
        {
          "type": "added",
          "value": "\t\t\t<section role=\"doc-endnotes\" epub:type=\"rearnotes\" id=\"rearnotes\">\r\n"
        },
        {
          "type": "unchanged",
          "value": "\t\t\t\t<h2>NOTES ON \"THE WASTE LAND\"</h2>\r\n\t\t\t\t<p>Not\n...[unchanged]...\nection>\r\n\t\t\t\t\t<h3>I. THE BURIAL OF THE DEAD</h3>\r\n"
        },
        {
          "type": "removed",
          "value": "\t\t\t\t\t<div epub:type=\"rearnote\" id=\"note-1\">\r\n"
        },
        {
          "type": "added",
          "value": "\t\t\t\t\t<div role=\"doc-endnote\" epub:type=\"rearnote\" id=\"note-1\">\r\n"
        },
        {
          "type": "unchanged",
          "value": "\t\t\t\t\t\t<p><a href=\"#ln20\">Line 20.</a> Cf. Ezekiel 2:1.</p>\r\n\t\t\t\t\t</div>\r\n"
        },
        {
          "type": "removed",
          "value": "\t\t\t\t\t<div epub:type=\"rearnote\" id=\"note-2\">\r\n"
        },
        {
          "type": "added",
          "value": "\t\t\t\t\t<div role=\"doc-endnote\" epub:type=\"rearnote\" id=\"note-2\">\r\n"
        },
        {
          "type": "unchanged",
          "value": "\t\t\t\t\t\t<p><a href=\"#ln23\">23.</a> Cf. Ecclesiastes 12:5.</p>\r\n\t\t\t\t\t</div>\r\n"
        },
        {
          "type": "removed",
          "value": "\t\t\t\t\t<div epub:type=\"rearnote\" id=\"note-3\">\r\n"
        },
        {
          "type": "added",
          "value": "\t\t\t\t\t<div role=\"doc-endnote\" epub:type=\"rearnote\" id=\"note-3\">\r\n"
        },
        {
          "type": "unchanged",
          "value": "\t\t\t\t\t\t<p><a href=\"#ln31\">31.</a> V. Tristan und Isolde, i, verses 5-8.</p>\r\n\t\t\t\t\t</div>\r\n"
        },
        {
          "type": "removed",
          "value": "\t\t\t\t\t<div epub:type=\"rearnote\" id=\"note-4\">\r\n"
        },
        {
          "type": "added",
          "value": "\t\t\t\t\t<div role=\"doc-endnote\" epub:type=\"rearnote\" id=\"note-4\">\r\n"
        },
        {
          "type": "unchanged",
          "value": "\t\t\t\t\t\t<p><a href=\"#ln42\">42.</a> Id. iii, verse 24.</p>\r\n\t\t\t\t\t</div>\r\n"
        },
        {
          "type": "removed",
          "value": "\t\t\t\t\t<div epub:type=\"rearnote\" id=\"note-5\">\r\n"
        },
        {
          "type": "added",
          "value": "\t\t\t\t\t<div role=\"doc-endnote\" epub:type=\"rearnote\" id=\"note-5\">\r\n"
        },
        {
          "type": "unchanged",
          "value": "\t\t\t\t\t\t<p><a href=\"#ln46\">46.</a> I am not familiar\n...[unchanged]...\nhe Fisher King\r\n\t\t\t\t\t\t\thimself.</p>\r\n\t\t\t\t\t</div>\r\n"
        },
        {
          "type": "removed",
          "value": "\t\t\t\t\t<div epub:type=\"rearnote\" id=\"note-6\">\r\n"
        },
        {
          "type": "added",
          "value": "\t\t\t\t\t<div role=\"doc-endnote\" epub:type=\"rearnote\" id=\"note-6\">\r\n"
        },
        {
          "type": "unchanged",
          "value": "\t\t\t\t\t\t<p><a href=\"#ln60\">60.</a> Cf. Baudelaire:</\n...[unchanged]...\n passant.\"</p>\r\n\t\t\t\t\t\t</blockquote>\r\n\t\t\t\t\t</div>\r\n"
        },
        {
          "type": "removed",
          "value": "\t\t\t\t\t<div epub:type=\"rearnote\" id=\"note-7\">\r\n"
        },
        {
          "type": "added",
          "value": "\t\t\t\t\t<div role=\"doc-endnote\" epub:type=\"rearnote\" id=\"note-7\">\r\n"
        },
        {
          "type": "unchanged",
          "value": "\t\t\t\t\t\t<p><a href=\"#ln63\">63.</a> Cf. Inferno, iii.\n...[unchanged]...\ndisfatta.\"</p>\r\n\t\t\t\t\t\t</blockquote>\r\n\t\t\t\t\t</div>\r\n"
        },
        {
          "type": "removed",
          "value": "\t\t\t\t\t<div epub:type=\"rearnote\" id=\"note-8\">\r\n"
        },
        {
          "type": "added",
          "value": "\t\t\t\t\t<div role=\"doc-endnote\" epub:type=\"rearnote\" id=\"note-8\">\r\n"
        },
        {
          "type": "unchanged",
          "value": "\t\t\t\t\t\t<p><a href=\"#ln64\">64.</a> Cf. Inferno, iv. \n...[unchanged]...\n tremare.\"</p>\r\n\t\t\t\t\t\t</blockquote>\r\n\t\t\t\t\t</div>\r\n"
        },
        {
          "type": "removed",
          "value": "\t\t\t\t\t<div epub:type=\"rearnote\" id=\"note-9\">\r\n"
        },
        {
          "type": "added",
          "value": "\t\t\t\t\t<div role=\"doc-endnote\" epub:type=\"rearnote\" id=\"note-9\">\r\n"
        },
        {
          "type": "unchanged",
          "value": "\t\t\t\t\t\t<p><a href=\"#ln68\">68.</a> A phenomenon which I have often noticed.</p>\r\n\t\t\t\t\t</div>\r\n"
        },
        {
          "type": "removed",
          "value": "\t\t\t\t\t<div epub:type=\"rearnote\" id=\"note-10\">\r\n"
        },
        {
          "type": "added",
          "value": "\t\t\t\t\t<div role=\"doc-endnote\" epub:type=\"rearnote\" id=\"note-10\">\r\n"
        },
        {
          "type": "unchanged",
          "value": "\t\t\t\t\t\t<p><a href=\"#ln74\">74.</a> Cf. the Dirge in Webster's White Devil .</p>\r\n\t\t\t\t\t</div>\r\n"
        },
        {
          "type": "removed",
          "value": "\t\t\t\t\t<div epub:type=\"rearnote\" id=\"note-11\">\r\n"
        },
        {
          "type": "added",
          "value": "\t\t\t\t\t<div role=\"doc-endnote\" epub:type=\"rearnote\" id=\"note-11\">\r\n"
        },
        {
          "type": "unchanged",
          "value": "\t\t\t\t\t\t<p><a href=\"#ln76\">76.</a> V. Baudelaire, Pr\n...[unchanged]...\n\t\t\t\t<section>\r\n\t\t\t\t\t<h3>II. A GAME OF CHESS</h3>\r\n"
        },
        {
          "type": "removed",
          "value": "\t\t\t\t\t<div epub:type=\"rearnote\" id=\"note-12\">\r\n"
        },
        {
          "type": "added",
          "value": "\t\t\t\t\t<div role=\"doc-endnote\" epub:type=\"rearnote\" id=\"note-12\">\r\n"
        },
        {
          "type": "unchanged",
          "value": "\t\t\t\t\t\t<p><a href=\"#ln77\">77.</a> Cf. Antony and Cleopatra, II. ii., l. 190.</p>\r\n\t\t\t\t\t</div>\r\n"
        },
        {
          "type": "removed",
          "value": "\t\t\t\t\t<div epub:type=\"rearnote\" id=\"note-13\">\r\n"
        },
        {
          "type": "added",
          "value": "\t\t\t\t\t<div role=\"doc-endnote\" epub:type=\"rearnote\" id=\"note-13\">\r\n"
        },
        {
          "type": "unchanged",
          "value": "\t\t\t\t\t\t<p><a href=\"#ln92\">92.</a> Laquearia. V. Aen\n...[unchanged]...\na vincunt.</p>\r\n\t\t\t\t\t\t</blockquote>\r\n\t\t\t\t\t</div>\r\n"
        },
        {
          "type": "removed",
          "value": "\t\t\t\t\t<div epub:type=\"rearnote\" id=\"note-14\">\r\n"
        },
        {
          "type": "added",
          "value": "\t\t\t\t\t<div role=\"doc-endnote\" epub:type=\"rearnote\" id=\"note-14\">\r\n"
        },
        {
          "type": "unchanged",
          "value": "\t\t\t\t\t\t<p><a href=\"#ln98\">98.</a> Sylvan scene. V. Milton, Paradise Lost, iv. 140.</p>\r\n\t\t\t\t\t</div>\r\n"
        },
        {
          "type": "removed",
          "value": "\t\t\t\t\t<div epub:type=\"rearnote\" id=\"note-15\">\r\n"
        },
        {
          "type": "added",
          "value": "\t\t\t\t\t<div role=\"doc-endnote\" epub:type=\"rearnote\" id=\"note-15\">\r\n"
        },
        {
          "type": "unchanged",
          "value": "\t\t\t\t\t\t<p><a href=\"#ln99\">99.</a> V. Ovid, Metamorphoses, vi, Philomela.</p>\r\n\t\t\t\t\t</div>\r\n"
        },
        {
          "type": "removed",
          "value": "\t\t\t\t\t<div epub:type=\"rearnote\" id=\"note-16\">\r\n"
        },
        {
          "type": "added",
          "value": "\t\t\t\t\t<div role=\"doc-endnote\" epub:type=\"rearnote\" id=\"note-16\">\r\n"
        },
        {
          "type": "unchanged",
          "value": "\t\t\t\t\t\t<p><a href=\"#ln100\">100.</a> Cf. Part III, l. 204.</p>\r\n\t\t\t\t\t</div>\r\n"
        },
        {
          "type": "removed",
          "value": "\t\t\t\t\t<div epub:type=\"rearnote\" id=\"note-17\">\r\n"
        },
        {
          "type": "added",
          "value": "\t\t\t\t\t<div role=\"doc-endnote\" epub:type=\"rearnote\" id=\"note-17\">\r\n"
        },
        {
          "type": "unchanged",
          "value": "\t\t\t\t\t\t<p><a href=\"#ln115\">115.</a> Cf. Part III, l. 195.</p>\r\n\t\t\t\t\t</div>\r\n"
        },
        {
          "type": "removed",
          "value": "\t\t\t\t\t<div epub:type=\"rearnote\" id=\"note-18\">\r\n"
        },
        {
          "type": "added",
          "value": "\t\t\t\t\t<div role=\"doc-endnote\" epub:type=\"rearnote\" id=\"note-18\">\r\n"
        },
        {
          "type": "unchanged",
          "value": "\t\t\t\t\t\t<p><a href=\"#ln118\">118.</a> Cf. Webster:</p\n...[unchanged]...\nor still?\"</p>\r\n\t\t\t\t\t\t</blockquote>\r\n\t\t\t\t\t</div>\r\n"
        },
        {
          "type": "removed",
          "value": "\t\t\t\t\t<div epub:type=\"rearnote\" id=\"note-19\">\r\n"
        },
        {
          "type": "added",
          "value": "\t\t\t\t\t<div role=\"doc-endnote\" epub:type=\"rearnote\" id=\"note-19\">\r\n"
        },
        {
          "type": "unchanged",
          "value": "\t\t\t\t\t\t<p><a href=\"#ln126\">126.</a> Cf. Part I, l. 37, 48.</p>\r\n\t\t\t\t\t</div>\r\n"
        },
        {
          "type": "removed",
          "value": "\t\t\t\t\t<div epub:type=\"rearnote\" id=\"note-20\">\r\n"
        },
        {
          "type": "added",
          "value": "\t\t\t\t\t<div role=\"doc-endnote\" epub:type=\"rearnote\" id=\"note-20\">\r\n"
        },
        {
          "type": "unchanged",
          "value": "\t\t\t\t\t\t<p><a href=\"#ln138\">138.</a> Cf. the game of\n...[unchanged]...\n\t\t\t<section>\r\n\t\t\t\t\t<h3>III. THE FIRE SERMON</h3>\r\n"
        },
        {
          "type": "removed",
          "value": "\t\t\t\t\t<div epub:type=\"rearnote\" id=\"note-21\">\r\n"
        },
        {
          "type": "added",
          "value": "\t\t\t\t\t<div role=\"doc-endnote\" epub:type=\"rearnote\" id=\"note-21\">\r\n"
        },
        {
          "type": "unchanged",
          "value": "\t\t\t\t\t\t<p><a href=\"#ln176\">176.</a> V. Spenser, Prothalamion.</p>\r\n\t\t\t\t\t</div>\r\n"
        },
        {
          "type": "removed",
          "value": "\t\t\t\t\t<div epub:type=\"rearnote\" id=\"note-22\">\r\n"
        },
        {
          "type": "added",
          "value": "\t\t\t\t\t<div role=\"doc-endnote\" epub:type=\"rearnote\" id=\"note-22\">\r\n"
        },
        {
          "type": "unchanged",
          "value": "\t\t\t\t\t\t<p><a href=\"#ln192\">192.</a> Cf. The Tempest, I. ii.</p>\r\n\t\t\t\t\t</div>\r\n"
        },
        {
          "type": "removed",
          "value": "\t\t\t\t\t<div epub:type=\"rearnote\" id=\"note-23\">\r\n"
        },
        {
          "type": "added",
          "value": "\t\t\t\t\t<div role=\"doc-endnote\" epub:type=\"rearnote\" id=\"note-23\">\r\n"
        },
        {
          "type": "unchanged",
          "value": "\t\t\t\t\t\t<p><a href=\"#ln196\">196.</a> Cf. Marvell, To His Coy Mistress.</p>\r\n\t\t\t\t\t</div>\r\n"
        },
        {
          "type": "removed",
          "value": "\t\t\t\t\t<div epub:type=\"rearnote\" id=\"note-24\">\r\n"
        },
        {
          "type": "added",
          "value": "\t\t\t\t\t<div role=\"doc-endnote\" epub:type=\"rearnote\" id=\"note-24\">\r\n"
        },
        {
          "type": "unchanged",
          "value": "\t\t\t\t\t\t<p><a href=\"#ln197\">197.</a> Cf. Day, Parlia\n...[unchanged]...\n\n\t\t\t\t\t\t\t</div>\r\n\t\t\t\t\t\t</blockquote>\r\n\t\t\t\t\t</div>\r\n"
        },
        {
          "type": "removed",
          "value": "\t\t\t\t\t<div epub:type=\"rearnote\" id=\"note-25\">\r\n"
        },
        {
          "type": "added",
          "value": "\t\t\t\t\t<div role=\"doc-endnote\" epub:type=\"rearnote\" id=\"note-25\">\r\n"
        },
        {
          "type": "unchanged",
          "value": "\t\t\t\t\t\t<p><a href=\"#ln199\">199.</a> I do not know t\n...[unchanged]...\nd to me from Sydney, Australia.</p>\r\n\t\t\t\t\t</div>\r\n"
        },
        {
          "type": "removed",
          "value": "\t\t\t\t\t<div epub:type=\"rearnote\" id=\"note-26\">\r\n"
        },
        {
          "type": "added",
          "value": "\t\t\t\t\t<div role=\"doc-endnote\" epub:type=\"rearnote\" id=\"note-26\">\r\n"
        },
        {
          "type": "unchanged",
          "value": "\t\t\t\t\t\t<p><a href=\"#ln202\">202.</a> V. Verlaine, Parsifal.</p>\r\n\t\t\t\t\t</div>\r\n"
        },
        {
          "type": "removed",
          "value": "\t\t\t\t\t<div epub:type=\"rearnote\" id=\"note-27\">\r\n"
        },
        {
          "type": "added",
          "value": "\t\t\t\t\t<div role=\"doc-endnote\" epub:type=\"rearnote\" id=\"note-27\">\r\n"
        },
        {
          "type": "unchanged",
          "value": "\t\t\t\t\t\t<p><a href=\"#ln210\">210.</a> The currants we\n...[unchanged]...\n\t\t\t\tpayment of the sight draft.</p>\r\n\t\t\t\t\t</div>\r\n"
        },
        {
          "type": "removed",
          "value": "\t\t\t\t\t<div epub:type=\"rearnote\" id=\"note-28\">\r\n"
        },
        {
          "type": "added",
          "value": "\t\t\t\t\t<div role=\"doc-endnote\" epub:type=\"rearnote\" id=\"note-28\">\r\n"
        },
        {
          "type": "unchanged",
          "value": "\t\t\t\t\t\t<p><a href=\"#ln218\">218.</a> Tiresias, altho\n...[unchanged]...\n>\r\n\t\t\t\t\t\t\t</p>\r\n\t\t\t\t\t\t</blockquote>\r\n\t\t\t\t\t</div>\r\n"
        },
        {
          "type": "removed",
          "value": "\t\t\t\t\t<div epub:type=\"rearnote\" id=\"note-29\">\r\n"
        },
        {
          "type": "added",
          "value": "\t\t\t\t\t<div role=\"doc-endnote\" epub:type=\"rearnote\" id=\"note-29\">\r\n"
        },
        {
          "type": "unchanged",
          "value": "\t\t\t\t\t\t<p><a href=\"#ln221\">221.</a> This may not ap\n...[unchanged]...\nrman, who returns at nightfall.</p>\r\n\t\t\t\t\t</div>\r\n"
        },
        {
          "type": "removed",
          "value": "\t\t\t\t\t<div epub:type=\"rearnote\" id=\"note-30\">\r\n"
        },
        {
          "type": "added",
          "value": "\t\t\t\t\t<div role=\"doc-endnote\" epub:type=\"rearnote\" id=\"note-30\">\r\n"
        },
        {
          "type": "unchanged",
          "value": "\t\t\t\t\t\t<p><a href=\"#ln253\">253.</a> V. Goldsmith, t\n...[unchanged]...\nsong in The Vicar of Wakefield.</p>\r\n\t\t\t\t\t</div>\r\n"
        },
        {
          "type": "removed",
          "value": "\t\t\t\t\t<div epub:type=\"rearnote\" id=\"note-31\">\r\n"
        },
        {
          "type": "added",
          "value": "\t\t\t\t\t<div role=\"doc-endnote\" epub:type=\"rearnote\" id=\"note-31\">\r\n"
        },
        {
          "type": "unchanged",
          "value": "\t\t\t\t\t\t<p><a href=\"#ln257\">257.</a> V. The Tempest, as above.</p>\r\n\t\t\t\t\t</div>\r\n"
        },
        {
          "type": "removed",
          "value": "\t\t\t\t\t<div epub:type=\"rearnote\" id=\"note-32\">\r\n"
        },
        {
          "type": "added",
          "value": "\t\t\t\t\t<div role=\"doc-endnote\" epub:type=\"rearnote\" id=\"note-32\">\r\n"
        },
        {
          "type": "unchanged",
          "value": "\t\t\t\t\t\t<p><a href=\"#ln264\">264.</a> The interior of\n...[unchanged]...\ns (P. S. King &amp; Son, Ltd.).</p>\r\n\t\t\t\t\t</div>\r\n"
        },
        {
          "type": "removed",
          "value": "\t\t\t\t\t<div epub:type=\"rearnote\" id=\"note-33\">\r\n"
        },
        {
          "type": "added",
          "value": "\t\t\t\t\t<div role=\"doc-endnote\" epub:type=\"rearnote\" id=\"note-33\">\r\n"
        },
        {
          "type": "unchanged",
          "value": "\t\t\t\t\t\t<p><a href=\"#ln266\">266.</a> The Song of the\n...[unchanged]...\ni: the\r\n\t\t\t\t\t\t\tRhine-daughters.</p>\r\n\t\t\t\t\t</div>\r\n"
        },
        {
          "type": "removed",
          "value": "\t\t\t\t\t<div epub:type=\"rearnote\" id=\"note-34\">\r\n"
        },
        {
          "type": "added",
          "value": "\t\t\t\t\t<div role=\"doc-endnote\" epub:type=\"rearnote\" id=\"note-34\">\r\n"
        },
        {
          "type": "unchanged",
          "value": "\t\t\t\t\t\t<p><a href=\"#ln279\">279.</a> V. Froude, Eliz\n...[unchanged]...\n\n\t\t\t\t\t\t\t</div>\r\n\t\t\t\t\t\t</blockquote>\r\n\t\t\t\t\t</div>\r\n"
        },
        {
          "type": "removed",
          "value": "\t\t\t\t\t<div epub:type=\"rearnote\" id=\"note-35\">\r\n"
        },
        {
          "type": "added",
          "value": "\t\t\t\t\t<div role=\"doc-endnote\" epub:type=\"rearnote\" id=\"note-35\">\r\n"
        },
        {
          "type": "unchanged",
          "value": "\t\t\t\t\t\t<p><a href=\"#ln293\">293.</a> Cf. Purgatorio,\n...[unchanged]...\n\tMaremma.\"</p>\r\n\t\t\t\t\t\t</blockquote>\r\n\t\t\t\t\t</div>\r\n"
        },
        {
          "type": "removed",
          "value": "\t\t\t\t\t<div epub:type=\"rearnote\" id=\"note-36\">\r\n"
        },
        {
          "type": "added",
          "value": "\t\t\t\t\t<div role=\"doc-endnote\" epub:type=\"rearnote\" id=\"note-36\">\r\n"
        },
        {
          "type": "unchanged",
          "value": "\t\t\t\t\t\t<p><a href=\"#ln307\">307.</a> V. St. Augustin\n...[unchanged]...\noves sang all about mine ears.\"</p>\r\n\t\t\t\t\t</div>\r\n"
        },
        {
          "type": "removed",
          "value": "\t\t\t\t\t<div epub:type=\"rearnote\" id=\"note-37\">\r\n"
        },
        {
          "type": "added",
          "value": "\t\t\t\t\t<div role=\"doc-endnote\" epub:type=\"rearnote\" id=\"note-37\">\r\n"
        },
        {
          "type": "unchanged",
          "value": "\t\t\t\t\t\t<p><a href=\"#ln308\">308.</a> The complete te\n...[unchanged]...\nddhist studies in the Occident.</p>\r\n\t\t\t\t\t</div>\r\n"
        },
        {
          "type": "removed",
          "value": "\t\t\t\t\t<div epub:type=\"rearnote\" id=\"note-38\">\r\n"
        },
        {
          "type": "added",
          "value": "\t\t\t\t\t<div role=\"doc-endnote\" epub:type=\"rearnote\" id=\"note-38\">\r\n"
        },
        {
          "type": "unchanged",
          "value": "\t\t\t\t\t\t<p><a href=\"#ln309\">309.</a> From St. August\n...[unchanged]...\n the present\r\n\t\t\t\t\t\tdecay of eastern Europe.</p>\r\n"
        },
        {
          "type": "removed",
          "value": "\t\t\t\t\t<div epub:type=\"rearnote\" id=\"note-39\">\r\n"
        },
        {
          "type": "added",
          "value": "\t\t\t\t\t<div role=\"doc-endnote\" epub:type=\"rearnote\" id=\"note-39\">\r\n"
        },
        {
          "type": "unchanged",
          "value": "\t\t\t\t\t\t<p><a href=\"#ln357\">357.</a> This is Turdus \n...[unchanged]...\ning song\" is justly celebrated.</p>\r\n\t\t\t\t\t</div>\r\n"
        },
        {
          "type": "removed",
          "value": "\t\t\t\t\t<div epub:type=\"rearnote\" id=\"note-40\">\r\n"
        },
        {
          "type": "added",
          "value": "\t\t\t\t\t<div role=\"doc-endnote\" epub:type=\"rearnote\" id=\"note-40\">\r\n"
        },
        {
          "type": "unchanged",
          "value": "\t\t\t\t\t\t<p><a href=\"#ln360\">360.</a> The following l\n...[unchanged]...\n\t\t\t\t\tcould actually be counted.</p>\r\n\t\t\t\t\t</div>\r\n"
        },
        {
          "type": "removed",
          "value": "\t\t\t\t\t<div epub:type=\"rearnote\" id=\"note-41\">\r\n"
        },
        {
          "type": "added",
          "value": "\t\t\t\t\t<div role=\"doc-endnote\" epub:type=\"rearnote\" id=\"note-41\">\r\n"
        },
        {
          "type": "unchanged",
          "value": "\t\t\t\t\t\t<p><a href=\"#ln367\">367-77.</a> Cf. Hermann \n...[unchanged]...\n\t\tTrvnen.\"</p>\r\n\t\t\t\t\t\t</blockquote>\r\n\t\t\t\t\t</div>\r\n"
        },
        {
          "type": "removed",
          "value": "\t\t\t\t\t<div epub:type=\"rearnote\" id=\"note-42\">\r\n"
        },
        {
          "type": "added",
          "value": "\t\t\t\t\t<div role=\"doc-endnote\" epub:type=\"rearnote\" id=\"note-42\">\r\n"
        },
        {
          "type": "unchanged",
          "value": "\t\t\t\t\t\t<p><a href=\"#ln402\">402.</a> <q xml:lang=\"sa\n...[unchanged]...\nig Upanishads des Veda, p. 489.</p>\r\n\t\t\t\t\t</div>\r\n"
        },
        {
          "type": "removed",
          "value": "\t\t\t\t\t<div epub:type=\"rearnote\" id=\"note-43\">\r\n"
        },
        {
          "type": "added",
          "value": "\t\t\t\t\t<div role=\"doc-endnote\" epub:type=\"rearnote\" id=\"note-43\">\r\n"
        },
        {
          "type": "unchanged",
          "value": "\t\t\t\t\t\t<p><a href=\"#ln408\">408.</a> Cf. Webster, Th\n...[unchanged]...\nepitaphs.\"</p>\r\n\t\t\t\t\t\t</blockquote>\r\n\t\t\t\t\t</div>\r\n"
        },
        {
          "type": "removed",
          "value": "\t\t\t\t\t<div epub:type=\"rearnote\" id=\"note-44\">\r\n"
        },
        {
          "type": "added",
          "value": "\t\t\t\t\t<div role=\"doc-endnote\" epub:type=\"rearnote\" id=\"note-44\">\r\n"
        },
        {
          "type": "unchanged",
          "value": "\t\t\t\t\t\t<p><a href=\"#ln412\">412.</a> Cf. Inferno, xx\n...[unchanged]...\n\t\t\t\tsoul.\"</p>\r\n\t\t\t\t\t\t</blockquote>\r\n\t\t\t\t\t</div>\r\n"
        },
        {
          "type": "removed",
          "value": "\t\t\t\t\t<div epub:type=\"rearnote\" id=\"note-45\">\r\n"
        },
        {
          "type": "added",
          "value": "\t\t\t\t\t<div role=\"doc-endnote\" epub:type=\"rearnote\" id=\"note-45\">\r\n"
        },
        {
          "type": "unchanged",
          "value": "\t\t\t\t\t\t<p><a href=\"#ln425\">425.</a> V. Weston, From\n...[unchanged]...\nce; chapter on the Fisher King.</p>\r\n\t\t\t\t\t</div>\r\n"
        },
        {
          "type": "removed",
          "value": "\t\t\t\t\t<div epub:type=\"rearnote\" id=\"note-46\">\r\n"
        },
        {
          "type": "added",
          "value": "\t\t\t\t\t<div role=\"doc-endnote\" epub:type=\"rearnote\" id=\"note-46\">\r\n"
        },
        {
          "type": "unchanged",
          "value": "\t\t\t\t\t\t<p><a href=\"#ln428\">428.</a> V. Purgatorio, \n...[unchanged]...\ni affina.\"</p>\r\n\t\t\t\t\t\t</blockquote>\r\n\t\t\t\t\t</div>\r\n"
        },
        {
          "type": "removed",
          "value": "\t\t\t\t\t<div epub:type=\"rearnote\" id=\"note-47\">\r\n"
        },
        {
          "type": "added",
          "value": "\t\t\t\t\t<div role=\"doc-endnote\" epub:type=\"rearnote\" id=\"note-47\">\r\n"
        },
        {
          "type": "unchanged",
          "value": "\t\t\t\t\t\t<p><a href=\"#ln429\">429.</a> V. Pervigilium \n...[unchanged]...\n Philomela in Parts II and III.</p>\r\n\t\t\t\t\t</div>\r\n"
        },
        {
          "type": "removed",
          "value": "\t\t\t\t\t<div epub:type=\"rearnote\" id=\"note-48\">\r\n"
        },
        {
          "type": "added",
          "value": "\t\t\t\t\t<div role=\"doc-endnote\" epub:type=\"rearnote\" id=\"note-48\">\r\n"
        },
        {
          "type": "unchanged",
          "value": "\t\t\t\t\t\t<p><a href=\"#ln430\">430.</a> V. Gerard de Nerval, Sonnet El Desdichado.</p>\r\n\t\t\t\t\t</div>\r\n"
        },
        {
          "type": "removed",
          "value": "\t\t\t\t\t<div epub:type=\"rearnote\" id=\"note-49\">\r\n"
        },
        {
          "type": "added",
          "value": "\t\t\t\t\t<div role=\"doc-endnote\" epub:type=\"rearnote\" id=\"note-49\">\r\n"
        },
        {
          "type": "unchanged",
          "value": "\t\t\t\t\t\t<p><a href=\"#ln432\">432.</a> V. Kyd's Spanish Tragedy.</p>\r\n\t\t\t\t\t</div>\r\n"
        },
        {
          "type": "removed",
          "value": "\t\t\t\t\t<div epub:type=\"rearnote\" id=\"note-50\">\r\n"
        },
        {
          "type": "added",
          "value": "\t\t\t\t\t<div role=\"doc-endnote\" epub:type=\"rearnote\" id=\"note-50\">\r\n"
        },
        {
          "type": "unchanged",
          "value": "\t\t\t\t\t\t<p><a href=\"#ln434\">434.</a> Shantih. Repeat\n...[unchanged]...\n\r\n\t\t\t</section>\r\n\t\t</section>\r\n\t</body>\r\n</html>\r\n"
        },
        {
          "type": "added",
          "value": "\nwasteland-content.xhtml {\n  color: #767676;\n  background-color: #ffffff;\n}"
        }
      ],
      "beforeSnippet": "<?xml version=\"1.0\" encoding=\"UTF-8\"?>\r\n<html xmlns=\"http://www.w3.org/1999/xhtml\" xml:lang=\"en\" lang=\"en\"\r\n\txmlns:epub=\"http://www.idpf.org/2007/ops\">\r\n\t<head>\r\n\t\t<meta charset=\"utf-8\"></meta>\r\n\t\t<ti",
      "afterSnippet": "<?xml version=\"1.0\" encoding=\"UTF-8\"?>\r\n<html xmlns=\"http://www.w3.org/1999/xhtml\" xml:lang=\"en\" lang=\"en\"\r\n\txmlns:epub=\"http://www.idpf.org/2007/ops\">\r\n\t<head>\r\n\t\t<meta charset=\"utf-8\"></meta>\r\n\t\t<ti"
    },
    {
      "filePath": "EPUB/wasteland-cover.jpg",
      "fileType": "other",
      "status": "unchanged",
      "changeCount": 0
    },
    {
      "filePath": "EPUB/wasteland-nav.xhtml",
      "fileType": "html",
      "status": "modified",
      "changeCount": 4,
      "diff": [
        {
          "type": "unchanged",
          "value": "<?xml version=\"1.0\" encoding=\"UTF-8\"?>\r\n<html xmln\n...[unchanged]...\nass=\"night\" title=\"night\"/>\t\t\r\n\t</head>\r\n\t<body>\r\n"
        },
        {
          "type": "removed",
          "value": "\t\t<nav epub:type=\"toc\" id=\"toc\">\t\t\t\r\n"
        },
        {
          "type": "added",
          "value": "\t\t<nav role=\"doc-toc\" epub:type=\"toc\" id=\"toc\" aria-label=\"Table of Contents\">\t\t\t\r\n"
        },
        {
          "type": "unchanged",
          "value": "\t\t\t<ol>\r\n\t\t\t\t<li><a href=\"wasteland-content.xhtml#\n...[unchanged]...\n\"THE WASTE LAND\"</a></li>\r\n\t\t\t</ol>\t\t\t\r\n\t\t</nav>\r\n"
        },
        {
          "type": "removed",
          "value": "\t\t<nav epub:type=\"landmarks\">\r\n"
        },
        {
          "type": "added",
          "value": "\t\t<nav role=\"navigation\" epub:type=\"landmarks\" aria-label=\"Landmarks\">\r\n"
        },
        {
          "type": "unchanged",
          "value": "\t\t\t<ol>\r\n\t\t\t\t<li><a epub:type=\"frontmatter\" href=\"\n...[unchanged]...\na></li>\r\n\t\t\t</ol>\r\n\t\t</nav>\r\n\r\n\t</body>\r\n</html>\r\n"
        }
      ],
      "beforeSnippet": "<?xml version=\"1.0\" encoding=\"UTF-8\"?>\r\n<html xmlns=\"http://www.w3.org/1999/xhtml\" xml:lang=\"en\" lang=\"en\"\r\n\txmlns:epub=\"http://www.idpf.org/2007/ops\">\r\n\t<head>\r\n\t\t<meta charset=\"utf-8\"/>\r\n\t\t<title>Na",
      "afterSnippet": "<?xml version=\"1.0\" encoding=\"UTF-8\"?>\r\n<html xmlns=\"http://www.w3.org/1999/xhtml\" xml:lang=\"en\" lang=\"en\"\r\n\txmlns:epub=\"http://www.idpf.org/2007/ops\">\r\n\t<head>\r\n\t\t<meta charset=\"utf-8\"/>\r\n\t\t<title>Na"
    },
    {
      "filePath": "EPUB/wasteland-night.css",
      "fileType": "css",
      "status": "unchanged",
      "changeCount": 0
    },
    {
      "filePath": "EPUB/wasteland.css",
      "fileType": "css",
      "status": "unchanged",
      "changeCount": 0
    },
    {
      "filePath": "EPUB/wasteland.ncx",
      "fileType": "other",
      "status": "unchanged",
      "changeCount": 0
    },
    {
      "filePath": "EPUB/wasteland.opf",
      "fileType": "opf",
      "status": "modified",
      "changeCount": 2,
      "diff": [
        {
          "type": "unchanged",
          "value": "<?xml version=\"1.0\" encoding=\"UTF-8\"?>\r\n<package x\n...[unchanged]...\n->\r\n        <meta name=\"cover\" content=\"cover\"/>\r\n"
        },
        {
          "type": "removed",
          "value": "    </metadata> \r\n"
        },
        {
          "type": "added",
          "value": "    \n    <meta property=\"schema:accessibilityFeature\">structuralNavigation</meta>\n    <meta property=\"schema:accessibilityFeature\">tableOfContents</meta>\n    <meta property=\"schema:accessibilityFeature\">readingOrder</meta>\n    <meta property=\"schema:accessibilityHazard\">none</meta>\n\n    <meta property=\"schema:accessMode\">textual</meta>\n    <meta property=\"schema:accessModeSufficient\">textual</meta>\n    <meta property=\"schema:accessibilitySummary\">This publication meets basic accessibility requirements. All images have alternative text descriptions. The content follows a logical reading order with proper heading structure for navigation.</meta>\n  </metadata> \r\n"
        },
        {
          "type": "unchanged",
          "value": "    <manifest>\r\n        <item id=\"t1\" href=\"wastel\n...[unchanged]...\nef=\"t1\" />        \r\n    </spine>    \r\n</package>\r\n"
        }
      ],
      "beforeSnippet": "<?xml version=\"1.0\" encoding=\"UTF-8\"?>\r\n<package xmlns=\"http://www.idpf.org/2007/opf\" version=\"3.0\" unique-identifier=\"uid\" xml:lang=\"en-US\" prefix=\"cc: http://creativecommons.org/ns#\">\r\n    <metadata",
      "afterSnippet": "<?xml version=\"1.0\" encoding=\"UTF-8\"?>\r\n<package xmlns=\"http://www.idpf.org/2007/opf\" version=\"3.0\" unique-identifier=\"uid\" xml:lang=\"en-US\" prefix=\"cc: http://creativecommons.org/ns#\">\r\n    <metadata"
    },
    {
      "filePath": "META-INF/container.xml",
      "fileType": "other",
      "status": "unchanged",
      "changeCount": 0
    }
  ],
  "modifications": [
    {
      "type": "add_aria_landmarks",
      "category": "structure",
      "description": "Added 1 ARIA landmark(s)",
      "filePath": "EPUB/wasteland-content.xhtml",
      "wcagCriteria": "1.3.1"
    },
    {
      "type": "add_aria_landmarks",
      "category": "structure",
      "description": "Added 1 ARIA landmark(s)",
      "filePath": "EPUB/wasteland-nav.xhtml",
      "wcagCriteria": "1.3.1"
    },
    {
      "type": "add_accessibility_metadata",
      "category": "accessibility",
      "description": "Added accessibility feature metadata",
      "filePath": "EPUB/wasteland.opf",
      "wcagCriteria": "EPUB Accessibility 1.0"
    },
    {
      "type": "add_accessibility_summary",
      "category": "accessibility",
      "description": "Added accessibility summary",
      "filePath": "EPUB/wasteland.opf",
      "after": "This publication meets basic accessibility requirements. All images have alternative text descriptions. The content follows a logical reading order with proper heading structure for navigation."
    },
    {
      "type": "add_access_modes",
      "category": "accessibility",
      "description": "Added access mode metadata",
      "filePath": "EPUB/wasteland.opf"
    }
  ],
  "issueResolutions": [],
  "beforeAudit": {
    "totalIssues": 0,
    "bySeverity": {
      "critical": 0,
      "serious": 0,
      "moderate": 0,
      "minor": 0
    },
    "byType": {
      "auto": 0,
      "manual": 0
    }
  },
  "afterAudit": {
    "totalIssues": 0,
    "bySeverity": {
      "critical": 0,
      "serious": 0,
      "moderate": 0,
      "minor": 0
    },
    "byType": {
      "auto": 0,
      "manual": 0
    }
  },
  "generatedAt": "2025-12-29T04:43:30.178Z"
}