{
  "jobId": "516f9490-2898-4c91-8bcc-b2949cd9b5f7",
  "fileName": "wasteland-woff.epub",
  "generatedAt": "2025-12-29T04:43:30.413Z",
  "originalIssues": 14,
  "fixedIssues": 3,
  "remainingIssues": 11,
  "fixRate": 21,
  "issues": [
    {
      "code": "METADATA-ACCESSMODE",
      "severity": "critical",
      "message": "Publications must declare the 'schema:accessMode' metadata",
      "location": "EPUB/wasteland.opf",
      "filePath": "EPUB/wasteland.opf",
      "wcagCriteria": [],
      "source": "ace",
      "type": "manual",
      "status": "pending"
    },
    {
      "code": "METADATA-ACCESSMODESUFFICIENT",
      "severity": "critical",
      "message": "Publications must declare the 'schema:accessModeSufficient' metadata",
      "location": "EPUB/wasteland.opf",
      "filePath": "EPUB/wasteland.opf",
      "wcagCriteria": [],
      "source": "ace",
      "type": "manual",
      "status": "pending"
    },
    {
      "code": "METADATA-ACCESSIBILITYFEATURE",
      "severity": "critical",
      "message": "Publications must declare the 'schema:accessibilityFeature' metadata",
      "location": "EPUB/wasteland.opf",
      "filePath": "EPUB/wasteland.opf",
      "wcagCriteria": [],
      "source": "ace",
      "type": "manual",
      "status": "pending"
    },
    {
      "code": "METADATA-ACCESSIBILITYHAZARD",
      "severity": "critical",
      "message": "Publications must declare the 'schema:accessibilityHazard' metadata",
      "location": "EPUB/wasteland.opf",
      "filePath": "EPUB/wasteland.opf",
      "wcagCriteria": [],
      "source": "ace",
      "type": "manual",
      "status": "pending"
    },
    {
      "code": "METADATA-ACCESSIBILITYSUMMARY",
      "severity": "critical",
      "message": "Publications must declare the 'schema:accessibilitySummary' metadata",
      "location": "EPUB/wasteland.opf",
      "filePath": "EPUB/wasteland.opf",
      "wcagCriteria": [],
      "source": "ace",
      "type": "manual",
      "status": "pending"
    },
    {
      "code": "COLOR-CONTRAST",
      "severity": "critical",
      "message": "Element has insufficient color contrast of 3.92 (foreground color: #808080, background color: #fffff5, font size: 10.8pt (14.4px), font weight: normal). Expected contrast ratio of 4.5:1",
      "location": "wasteland-content.xhtml",
      "filePath": "wasteland-content.xhtml",
      "wcagCriteria": [],
      "source": "ace",
      "type": "manual",
      "status": "pending"
    },
    {
      "code": "EPUB-TYPE-HAS-MATCHING-ROLE",
      "severity": "critical",
      "message": "Element has no ARIA role matching its epub:type",
      "location": "wasteland-content.xhtml",
      "filePath": "wasteland-content.xhtml",
      "wcagCriteria": [],
      "source": "ace",
      "type": "manual",
      "status": "pending"
    },
    {
      "code": "EPUB-TYPE-HAS-MATCHING-ROLE",
      "severity": "critical",
      "message": "Element has no ARIA role matching its epub:type",
      "location": "wasteland-nav.xhtml",
      "filePath": "wasteland-nav.xhtml",
      "wcagCriteria": [],
      "source": "ace",
      "type": "manual",
      "status": "pending"
    },
    {
      "code": "LANDMARK-UNIQUE",
      "severity": "critical",
      "message": "The landmark must have a unique aria-label, aria-labelledby, or title to make landmarks distinguishable",
      "location": "wasteland-nav.xhtml",
      "filePath": "wasteland-nav.xhtml",
      "wcagCriteria": [],
      "source": "ace",
      "type": "manual",
      "status": "pending"
    },
    {
      "code": "EPUB-META-002",
      "severity": "moderate",
      "message": "Missing accessibility feature metadata",
      "location": "",
      "filePath": "",
      "wcagCriteria": [
        "EPUB Accessibility 1.0"
      ],
      "source": "js-auditor",
      "type": "auto",
      "status": "fixed"
    },
    {
      "code": "EPUB-META-003",
      "severity": "minor",
      "message": "Missing accessibility summary",
      "location": "",
      "filePath": "",
      "wcagCriteria": [
        "EPUB Accessibility 1.0"
      ],
      "source": "js-auditor",
      "type": "auto",
      "status": "fixed"
    },
    {
      "code": "EPUB-META-004",
      "severity": "moderate",
      "message": "Missing access mode metadata",
      "location": "",
      "filePath": "",
      "wcagCriteria": [
        "EPUB Accessibility 1.0"
      ],
      "source": "js-auditor",
      "type": "auto",
      "status": "fixed"
    },
    {
      "code": "EPUB-STRUCT-004",
      "severity": "minor",
      "message": "Missing main landmark",
      "location": "EPUB/wasteland-content.xhtml",
      "filePath": "EPUB/wasteland-content.xhtml",
      "wcagCriteria": [
        "1.3.1"
      ],
      "source": "js-auditor",
      "type": "auto",
      "status": "pending"
    },
    {
      "code": "EPUB-STRUCT-004",
      "severity": "minor",
      "message": "Missing main landmark",
      "location": "EPUB/wasteland-nav.xhtml",
      "filePath": "EPUB/wasteland-nav.xhtml",
      "wcagCriteria": [
        "1.3.1"
      ],
      "source": "js-auditor",
      "type": "auto",
      "status": "pending"
    }
  ],
  "modifications": [
    {
      "type": "EPUB-META-002",
      "category": "metadata",
      "description": "Added 4 accessibility metadata elements",
      "wcagCriteria": "EPUB Accessibility 1.0",
      "filePath": ""
    },
    {
      "type": "EPUB-META-004",
      "category": "metadata",
      "description": "Added 2 access mode elements",
      "wcagCriteria": "EPUB Accessibility 1.0",
      "filePath": ""
    },
    {
      "type": "EPUB-META-003",
      "category": "metadata",
      "description": "Added accessibility summary",
      "wcagCriteria": "EPUB Accessibility 1.0",
      "filePath": ""
    },
    {
      "type": "EPUB-STRUCT-004",
      "category": "structure",
      "description": "Added role=\"main\" to <section>",
      "wcagCriteria": "1.3.1",
      "filePath": ""
    },
    {
      "type": "EPUB-STRUCT-004",
      "category": "structure",
      "description": "ARIA landmarks already present or not applicable",
      "wcagCriteria": "1.3.1",
      "filePath": ""
    }
  ],
  "wcagCompliance": [
    {
      "criterion": "1.3.1",
      "name": "Info and Relationships",
      "status": "fail",
      "issueCount": 2,
      "fixedCount": 0,
      "notes": "0/2 issues resolved"
    },
    {
      "criterion": "EPUB Accessibility 1.0",
      "name": "WCAG EPUB Accessibility 1.0",
      "status": "pass",
      "issueCount": 3,
      "fixedCount": 3,
      "notes": "3/3 issues resolved"
    }
  ],
  "issueResolutions": [
    {
      "code": "METADATA-ACCESSMODE",
      "location": "EPUB/wasteland.opf",
      "originalStatus": "pending",
      "finalStatus": "pending",
      "resolutionType": "not-fixed"
    },
    {
      "code": "METADATA-ACCESSMODESUFFICIENT",
      "location": "EPUB/wasteland.opf",
      "originalStatus": "pending",
      "finalStatus": "pending",
      "resolutionType": "not-fixed"
    },
    {
      "code": "METADATA-ACCESSIBILITYFEATURE",
      "location": "EPUB/wasteland.opf",
      "originalStatus": "pending",
      "finalStatus": "pending",
      "resolutionType": "not-fixed"
    },
    {
      "code": "METADATA-ACCESSIBILITYHAZARD",
      "location": "EPUB/wasteland.opf",
      "originalStatus": "pending",
      "finalStatus": "pending",
      "resolutionType": "not-fixed"
    },
    {
      "code": "METADATA-ACCESSIBILITYSUMMARY",
      "location": "EPUB/wasteland.opf",
      "originalStatus": "pending",
      "finalStatus": "pending",
      "resolutionType": "not-fixed"
    },
    {
      "code": "COLOR-CONTRAST",
      "location": "wasteland-content.xhtml",
      "originalStatus": "pending",
      "finalStatus": "pending",
      "resolutionType": "not-fixed"
    },
    {
      "code": "EPUB-TYPE-HAS-MATCHING-ROLE",
      "location": "wasteland-content.xhtml",
      "originalStatus": "pending",
      "finalStatus": "pending",
      "resolutionType": "not-fixed"
    },
    {
      "code": "EPUB-TYPE-HAS-MATCHING-ROLE",
      "location": "wasteland-nav.xhtml",
      "originalStatus": "pending",
      "finalStatus": "pending",
      "resolutionType": "not-fixed"
    },
    {
      "code": "LANDMARK-UNIQUE",
      "location": "wasteland-nav.xhtml",
      "originalStatus": "pending",
      "finalStatus": "pending",
      "resolutionType": "not-fixed"
    },
    {
      "code": "EPUB-META-002",
      "location": "",
      "originalStatus": "pending",
      "finalStatus": "fixed",
      "resolutionType": "auto-remediated"
    },
    {
      "code": "EPUB-META-003",
      "location": "",
      "originalStatus": "pending",
      "finalStatus": "fixed",
      "resolutionType": "auto-remediated"
    },
    {
      "code": "EPUB-META-004",
      "location": "",
      "originalStatus": "pending",
      "finalStatus": "fixed",
      "resolutionType": "auto-remediated"
    },
    {
      "code": "EPUB-STRUCT-004",
      "location": "EPUB/wasteland-content.xhtml",
      "originalStatus": "pending",
      "finalStatus": "pending",
      "resolutionType": "not-fixed"
    },
    {
      "code": "EPUB-STRUCT-004",
      "location": "EPUB/wasteland-nav.xhtml",
      "originalStatus": "pending",
      "finalStatus": "pending",
      "resolutionType": "not-fixed"
    }
  ]
}